OrderID;CustomerID;EmployeeID;OrderDate;RequiredDate;ShippedDate;ShipperID;Freight;ShipName;ShipAddress;ShipCity;ShipRegion;ShipPostalCode;ShipCountry
1;HANAR;3;10-07-2020;07-24-2020;07-16-2020;2;58,17;Hanari Carnes;Rua do Paço, 67;Rio de Janeiro;RJ;05454-876;Brazil
2;WELLI;3;07-15-2020;08-12-2020;07-17-2020;2;13,97;Wellington Importadora;Rua do Mercado, 12;Resende;SP;08737-363;Brazil
3;RATTC;5;07-22-2020;08-19-2020;07-25-2020;3;48,29;Rattlesnake Canyon Grocery;2817 Milton Dr.;Albuquerque;NM;87110;United States of America
4;GROSR;5;07-30-2020;08-27-2020;08-02-2020;3;66,29;GROSELLA-Restaurante;5ª Ave. Los Palos Grandes;Caracas;DF;1081;Venezuela
5;SPLIR;4;08-01-2020;08-29-2020;08-30-2020;2;4,54;Split Rail Beer & Ale;P.O. Box 555;Lander;WY;82520;United States of America
6;RATTC;4;08-02-2020;08-30-2020;08-06-2020;2;98,03;Rattlesnake Canyon Grocery;2817 Milton Dr.;Albuquerque;NM;87110;United States of America
7;TORTU;5;08-08-2020;08-22-2020;08-14-2020;3;13,84;Tortuga Restaurante;Avda. Azteca 123;México D.F.;;05033;Mexico
8;LILAS;3;08-16-2020;09-13-2020;08-23-2020;3;84,81;LILA-Supermercado;Carrera 52 con Ave. Bolívar #65-98 Llano Largo;Barquisimeto;Lara;3508;Venezuela
9;RICAR;5;08-22-2020;09-19-2020;08-28-2020;3;12,76;Ricardo Adocicados;Av. Copacabana, 267;Rio de Janeiro;RJ;02389-890;Brazil
10;COMMI;5;08-27-2020;09-24-2020;09-03-2020;1;79,7;Comércio Mineiro;Av. dos Lusíadas, 23;Sao Paulo;SP;05432-043;Brazil
11;QUEDE;4;08-27-2020;09-24-2020;09-04-2020;2;6,4;Que Delícia;Rua da Panificadora, 12;Rio de Janeiro;RJ;02389-673;Brazil
12;TRADH;1;08-28-2020;09-25-2020;09-02-2020;2;1,35;Tradiçao Hipermercados;Av. Inês de Castro, 414;Sao Paulo;SP;05634-030;Brazil
13;TORTU;1;08-29-2020;09-26-2020;09-11-2020;3;21,18;Tortuga Restaurante;Avda. Azteca 123;México D.F.;;05033;Mexico
14;LILAS;4;09-03-2020;10-01-2020;09-11-2020;1;0,12;LILA-Supermercado;Carrera 52 con Ave. Bolívar #65-98 Llano Largo;Barquisimeto;Lara;3508;Venezuela
15;TORTU;1;09-12-2020;10-10-2020;09-17-2020;2;63,79;Tortuga Restaurante;Avda. Azteca 123;México D.F.;;05033;Mexico
16;LONEP;2;09-17-2020;10-15-2020;09-25-2020;2;0,56;Lonesome Pine Restaurant;89 Chiaroscuro Rd.;Portland;OR;97219;United States of America
17;THEBI;5;09-20-2020;10-18-2020;09-27-2020;2;17,52;The Big Cheese;89 Jefferson Way Suite 2;Portland;OR;97201;United States of America
18;RATTC;1;09-25-2020;10-23-2020;10-04-2020;2;74,16;Rattlesnake Canyon Grocery;2817 Milton Dr.;Albuquerque;NM;87110;United States of America
19;RATTC;1;09-27-2020;10-25-2020;10-08-2020;3;150,15;Rattlesnake Canyon Grocery;2817 Milton Dr.;Albuquerque;NM;87110;United States of America
20;LONEP;4;09-30-2020;10-28-2020;10-10-2020;1;12,69;Lonesome Pine Restaurant;89 Chiaroscuro Rd.;Portland;OR;97219;United States of America
21;ISLAT;5;10-01-2020;10-29-2020;10-04-2020;2;4,73;Island Trading;Garden House Crowther Way;Cowes;Isle of Wight;PO31 7PJ;United Kingdom
22;ISLAT;3;10-03-2020;10-31-2020;10-11-2020;2;3,43;Island Trading;Garden House Crowther Way;Cowes;Isle of Wight;PO31 7PJ;United Kingdom
23;LILAS;3;10-16-2020;11-13-2020;10-28-2020;1;12,75;LILA-Supermercado;Carrera 52 con Ave. Bolívar #65-98 Llano Largo;Barquisimeto;Lara;3508;Venezuela
24;MEREP;3;10-17-2020;11-28-2020;10-21-2020;2;52,84;Mère Paillarde;43 rue St. Laurent;Montréal;Québec;H1J 1C3;Canada
25;MEREP;2;10-28-2020;11-25-2020;11-04-2020;2;15,66;Mère Paillarde;43 rue St. Laurent;Montréal;Québec;H1J 1C3;Canada
26;RATTC;3;11-05-2020;12-17-2020;11-08-2020;3;142,08;Rattlesnake Canyon Grocery;2817 Milton Dr.;Albuquerque;NM;87110;United States of America
27;FURIB;3;11-12-2020;11-26-2020;11-18-2020;3;1,3;Furia Bacalhau e Frutos do Mar;Jardim das rosas n. 32;Lisboa;;1675;Portugal
28;PERIC;5;11-14-2020;12-12-2020;11-20-2020;3;53,8;Pericles Comidas clásicas;Calle Dr. Jorge Cash 321;México D.F.;;05033;Mexico
29;AROUT;4;11-15-2020;12-13-2020;11-20-2020;1;41,95;Around the Horn;Brook Farm Stratford St. Mary;Colchester;Essex;CO7 6JX;United Kingdom
30;LILAS;1;11-19-2020;12-17-2020;12-02-2020;3;34,88;LILA-Supermercado;Carrera 52 con Ave. Bolívar #65-98 Llano Largo;Barquisimeto;Lara;3508;Venezuela
31;EASTC;1;11-26-2020;01-07-2021;12-04-2020;1;71,97;Eastern Connection;35 King George;London;;WX3 6FW;United Kingdom
32;ANTON;3;11-27-2020;12-25-2020;12-02-2020;2;22;Antonio Moreno Taquería;Mataderos  2312;México D.F.;;05023;Mexico
33;SPLIR;5;12-02-2020;12-30-2020;12-09-2020;2;195,68;Split Rail Beer & Ale;P.O. Box 555;Lander;WY;82520;United States of America
34;WOLZA;1;12-05-2020;01-02-2021;12-09-2020;3;3,94;Wolski Zajazd;ul. Filtrowa 68;Warszawa;;01-012;Poland
35;HUNGC;3;12-06-2020;01-03-2021;12-09-2020;2;20,12;Hungry Coyote Import Store;City Center Plaza 516 Main St.;Elgin;OR;97827;United States of America
36;MEREP;1;12-09-2020;01-06-2021;12-13-2020;2;20,39;Mère Paillarde;43 rue St. Laurent;Montréal;Québec;H1J 1C3;Canada
37;SEVES;1;12-09-2020;01-06-2021;12-13-2020;3;22,21;Seven Seas Imports;90 Wadhurst Rd.;London;;OX15 4NB;United Kingdom
38;QUEDE;2;12-11-2020;01-08-2021;12-13-2020;1;45,03;Que Delícia;Rua da Panificadora, 12;Rio de Janeiro;RJ;02389-673;Brazil
39;LILAS;3;12-12-2020;01-09-2021;12-13-2020;3;7,99;LILA-Supermercado;Carrera 52 con Ave. Bolívar #65-98 Llano Largo;Barquisimeto;Lara;3508;Venezuela
40;AROUT;5;12-16-2020;01-13-2021;12-18-2020;3;34,24;Around the Horn;Brook Farm Stratford St. Mary;Colchester;Essex;CO7 6JX;United Kingdom
41;SPLIR;1;12-17-2020;01-14-2021;12-23-2020;2;30,96;Split Rail Beer & Ale;P.O. Box 555;Lander;WY;82520;United States of America
42;SEVES;2;12-19-2020;01-16-2021;12-20-2020;1;34,86;Seven Seas Imports;90 Wadhurst Rd.;London;;OX15 4NB;United Kingdom
43;SAVEA;1;12-25-2020;01-22-2021;01-03-2021;3;126,56;Save-a-lot Markets;187 Suffolk Ln.;Boise;ID;83720;United States of America
44;HUNGC;1;12-25-2020;01-22-2021;01-03-2021;3;30,34;Hungry Coyote Import Store;City Center Plaza 516 Main St.;Elgin;OR;97827;United States of America
45;HILAA;4;12-26-2020;01-23-2021;01-03-2021;1;184,41;HILARION-Abastos;Carrera 22 con Ave. Carlos Soublette #8-35;San Cristóbal;Táchira;5022;Venezuela
46;SAVEA;2;12-30-2020;01-27-2021;01-09-2021;3;89,16;Save-a-lot Markets;187 Suffolk Ln.;Boise;ID;83720;United States of America
47;EASTC;1;01-01-2021;01-29-2021;01-16-2021;3;83,93;Eastern Connection;35 King George;London;;WX3 6FW;United Kingdom
48;RATTC;1;01-01-2021;01-29-2021;01-10-2021;1;12,51;Rattlesnake Canyon Grocery;2817 Milton Dr.;Albuquerque;NM;87110;United States of America
49;LINOD;1;01-06-2021;02-03-2021;01-22-2021;1;34,82;LINO-Delicateses;Ave. 5 de Mayo Porlamar;I. de Margarita;Nueva Esparta;4980;Venezuela
50;OCEAN;3;01-09-2021;02-06-2021;01-14-2021;1;29,83;Océano Atlántico Ltda.;Ing. Gustavo Moncada 8585 Piso 20-A;Buenos Aires;;1010;Argentina
51;BOTTM;3;01-10-2021;02-07-2021;01-15-2021;3;2,4;Bottom-Dollar Markets;23 Tsawassen Blvd.;Tsawassen;BC;T2F 8M4;Canada
52;FAMIA;2;01-14-2021;02-11-2021;01-17-2021;3;21,48;Familia Arquibaldo;Rua Orós, 92;Sao Paulo;SP;05442-030;Brazil
53;HUNGC;3;01-15-2021;02-12-2021;01-24-2021;1;0,2;Hungry Coyote Import Store;City Center Plaza 516 Main St.;Elgin;OR;97827;United States of America
54;WELLI;3;01-21-2021;02-18-2021;01-27-2021;1;44,12;Wellington Importadora;Rua do Mercado, 12;Resende;SP;08737-363;Brazil
55;QUEDE;5;01-21-2021;03-04-2021;01-27-2021;1;99,23;Que Delícia;Rua da Panificadora, 12;Rio de Janeiro;RJ;02389-673;Brazil
56;GOURL;4;01-23-2021;02-06-2021;02-24-2021;3;24,5;Gourmet Lanchonetes;Av. Brasil, 442;Campinas;SP;04876-786;Brazil
57;SPLIR;3;01-31-2021;02-14-2021;02-07-2021;2;4,34;Split Rail Beer & Ale;P.O. Box 555;Lander;WY;82520;United States of America
58;PRINI;3;02-03-2021;03-03-2021;03-04-2021;3;73,83;Princesa Isabel Vinhos;Estrada da saúde n. 58;Lisboa;;1756;Portugal
59;CONSH;5;02-04-2021;03-18-2021;02-07-2021;2;9,21;Consolidated Holdings;Berkeley Gardens 12  Brewery;London;;WX1 6LT;United Kingdom
60;MEREP;4;02-07-2021;03-07-2021;02-10-2021;3;4,07;Mère Paillarde;43 rue St. Laurent;Montréal;Québec;H1J 1C3;Canada
61;SAVEA;5;02-20-2021;03-20-2021;02-26-2021;1;140,26;Save-a-lot Markets;187 Suffolk Ln.;Boise;ID;83720;United States of America
62;AROUT;1;02-21-2021;03-21-2021;02-26-2021;2;25,36;Around the Horn;Brook Farm Stratford St. Mary;Colchester;Essex;CO7 6JX;United Kingdom
63;LILAS;1;02-28-2021;03-28-2021;03-05-2021;3;148,61;LILA-Supermercado;Carrera 52 con Ave. Bolívar #65-98 Llano Largo;Barquisimeto;Lara;3508;Venezuela
64;CONSH;2;03-03-2021;03-31-2021;03-18-2021;1;6,17;Consolidated Holdings;Berkeley Gardens 12  Brewery;London;;WX1 6LT;United Kingdom
65;WHITC;1;03-10-2021;04-07-2021;03-14-2021;1;60,18;White Clover Markets;1029 - 12th Ave. S.;Seattle;WA;98124;United States of America
66;BSBEV;2;03-11-2021;04-08-2021;03-18-2021;3;45,59;B's Beverages;Fauntleroy Circus;London;;EC2 5NT;United Kingdom
67;SEVES;5;03-12-2021;04-09-2021;03-19-2021;1;4,2;Seven Seas Imports;90 Wadhurst Rd.;London;;OX15 4NB;United Kingdom
68;ISLAT;1;03-13-2021;03-27-2021;03-21-2021;3;16,37;Island Trading;Garden House Crowther Way;Cowes;Isle of Wight;PO31 7PJ;United Kingdom
69;HILAA;5;03-17-2021;04-14-2021;03-24-2021;3;4,41;HILARION-Abastos;Carrera 22 con Ave. Carlos Soublette #8-35;San Cristóbal;Táchira;5022;Venezuela
70;RATTC;3;03-19-2021;04-16-2021;03-21-2021;3;708,95;Rattlesnake Canyon Grocery;2817 Milton Dr.;Albuquerque;NM;87110;United States of America
71;RICAR;5;03-20-2021;04-17-2021;03-25-2021;2;64,33;Ricardo Adocicados;Av. Copacabana, 267;Rio de Janeiro;RJ;02389-890;Brazil
72;LAZYK;1;03-21-2021;04-18-2021;04-10-2021;3;7,48;Lazy K Kountry Store;12 Orchestra Terrace;Walla Walla;WA;99362;United States of America
73;BSBEV;3;03-24-2021;04-21-2021;04-01-2021;3;6,88;B's Beverages;Fauntleroy Circus;London;;EC2 5NT;United Kingdom
74;HILAA;1;03-26-2021;04-23-2021;04-02-2021;2;30,53;HILARION-Abastos;Carrera 22 con Ave. Carlos Soublette #8-35;San Cristóbal;Táchira;5022;Venezuela
75;QUEEN;2;03-26-2021;04-23-2021;03-28-2021;2;71,07;Queen Cozinha;Alameda dos Canàrios, 891;Sao Paulo;SP;05487-020;Brazil
76;FURIB;5;03-31-2021;04-28-2021;04-08-2021;3;16,96;Furia Bacalhau e Frutos do Mar;Jardim das rosas n. 32;Lisboa;;1675;Portugal
77;BOTTM;3;04-01-2021;04-29-2021;04-11-2021;1;62,89;Bottom-Dollar Markets;23 Tsawassen Blvd.;Tsawassen;BC;T2F 8M4;Canada
78;LAUGB;3;04-03-2021;05-01-2021;04-11-2021;3;4,65;Laughing Bacchus Wine Cellars;2319 Elm St.;Vancouver;BC;V3F 2K1;Canada
79;HILAA;5;04-07-2021;05-05-2021;04-11-2021;2;29,75;HILARION-Abastos;Carrera 22 con Ave. Carlos Soublette #8-35;San Cristóbal;Táchira;5022;Venezuela
80;PERIC;2;04-10-2021;05-08-2021;04-29-2021;1;69,32;Pericles Comidas clásicas;Calle Dr. Jorge Cash 321;México D.F.;;05033;Mexico
81;MEREP;3;04-14-2021;05-12-2021;04-21-2021;3;7,13;Mère Paillarde;43 rue St. Laurent;Montréal;Québec;H1J 1C3;Canada
82;SAVEA;4;04-18-2021;05-16-2021;04-28-2021;3;367,63;Save-a-lot Markets;187 Suffolk Ln.;Boise;ID;83720;United States of America
83;NORTS;3;04-24-2021;05-22-2021;04-29-2021;3;32,07;North/South;South House 300 Queensbridge;London;;SW7 1RZ;United Kingdom
84;CACTU;5;04-29-2021;05-27-2021;05-02-2021;2;17,22;Cactus Comidas para llevar;Cerrito 333;Buenos Aires;;1010;Argentina
85;GREAL;4;05-06-2021;05-20-2021;05-09-2021;2;3,35;Great Lakes Food Market;2732 Baker Blvd.;Eugene;OR;97403;United States of America
86;BSBEV;4;05-16-2021;06-13-2021;05-23-2021;3;12,36;B's Beverages;Fauntleroy Circus;London;;EC2 5NT;United Kingdom
87;HANAR;2;05-19-2021;06-16-2021;05-29-2021;1;68,65;Hanari Carnes;Rua do Paço, 67;Rio de Janeiro;RJ;05454-876;Brazil
88;LILAS;5;05-21-2021;06-18-2021;05-23-2021;2;48,17;LILA-Supermercado;Carrera 52 con Ave. Bolívar #65-98 Llano Largo;Barquisimeto;Lara;3508;Venezuela
89;LAZYK;5;05-22-2021;06-19-2021;06-26-2021;2;11,92;Lazy K Kountry Store;12 Orchestra Terrace;Walla Walla;WA;99362;United States of America
90;SEVES;3;05-23-2021;06-20-2021;06-02-2021;2;178,43;Seven Seas Imports;90 Wadhurst Rd.;London;;OX15 4NB;United Kingdom
91;HILAA;2;05-29-2021;06-26-2021;06-05-2021;1;83,22;HILARION-Abastos;Carrera 22 con Ave. Carlos Soublette #8-35;San Cristóbal;Táchira;5022;Venezuela
92;SAVEA;4;06-02-2021;06-30-2021;06-04-2021;3;252,49;Save-a-lot Markets;187 Suffolk Ln.;Boise;ID;83720;United States of America
93;AROUT;1;06-04-2021;07-02-2021;06-10-2021;2;72,97;Around the Horn;Brook Farm Stratford St. Mary;Colchester;Essex;CO7 6JX;United Kingdom
94;RICAR;2;06-10-2021;07-22-2021;06-24-2021;2;60,43;Ricardo Adocicados;Av. Copacabana, 267;Rio de Janeiro;RJ;02389-890;Brazil
95;MEREP;5;06-11-2021;07-09-2021;06-18-2021;2;7,15;Mère Paillarde;43 rue St. Laurent;Montréal;Québec;H1J 1C3;Canada
96;MEREP;3;06-17-2021;07-15-2021;06-19-2021;3;188,99;Mère Paillarde;43 rue St. Laurent;Montréal;Québec;H1J 1C3;Canada
97;TORTU;3;06-23-2021;07-07-2021;06-30-2021;3;18,56;Tortuga Restaurante;Avda. Azteca 123;México D.F.;;05033;Mexico
98;LETSS;1;06-25-2021;07-23-2021;07-04-2021;2;13,73;Let's Stop N Shop;87 Polk St. Suite 5;San Francisco;CA;94117;United States of America
99;FAMIA;3;06-26-2021;07-24-2021;07-02-2021;1;3,01;Familia Arquibaldo;Rua Orós, 92;Sao Paulo;SP;05442-030;Brazil
100;QUEDE;1;07-02-2021;07-30-2021;07-09-2021;1;62,52;Que Delícia;Rua da Panificadora, 12;Rio de Janeiro;RJ;02389-673;Brazil
101;GREAL;5;07-04-2021;08-01-2021;07-14-2021;2;4,42;Great Lakes Food Market;2732 Baker Blvd.;Eugene;OR;97403;United States of America
102;WHITC;5;07-11-2021;08-08-2021;08-12-2021;1;16,34;White Clover Markets;1029 - 12th Ave. S.;Seattle;WA;98124;United States of America
103;RATTC;1;07-14-2021;08-11-2021;07-18-2021;3;44,42;Rattlesnake Canyon Grocery;2817 Milton Dr.;Albuquerque;NM;87110;United States of America
104;BSBEV;4;07-15-2021;08-26-2021;07-21-2021;3;29,98;B's Beverages;Fauntleroy Circus;London;;EC2 5NT;United Kingdom
105;SAVEA;5;07-18-2021;08-15-2021;08-08-2021;2;48,77;Save-a-lot Markets;187 Suffolk Ln.;Boise;ID;83720;United States of America
106;FURIB;1;07-18-2021;08-15-2021;07-29-2021;1;7,46;Furia Bacalhau e Frutos do Mar;Jardim das rosas n. 32;Lisboa;;1675;Portugal
107;MEREP;1;07-21-2021;08-18-2021;07-29-2021;2;379,13;Mère Paillarde;43 rue St. Laurent;Montréal;Québec;H1J 1C3;Canada
108;WOLZA;4;07-25-2021;08-22-2021;08-01-2021;2;80,65;Wolski Zajazd;ul. Filtrowa 68;Warszawa;;01-012;Poland
109;SAVEA;1;07-28-2021;08-25-2021;08-01-2021;2;544,08;Save-a-lot Markets;187 Suffolk Ln.;Boise;ID;83720;United States of America
110;GREAL;1;07-31-2021;08-28-2021;08-05-2021;2;116,53;Great Lakes Food Market;2732 Baker Blvd.;Eugene;OR;97403;United States of America
111;MEREP;1;08-01-2021;09-12-2021;08-08-2021;1;154,68;Mère Paillarde;43 rue St. Laurent;Montréal;Québec;H1J 1C3;Canada
112;MEREP;3;08-04-2021;09-01-2021;08-07-2021;3;91,05;Mère Paillarde;43 rue St. Laurent;Montréal;Québec;H1J 1C3;Canada
113;LAUGB;2;08-05-2021;09-02-2021;08-14-2021;3;0,94;Laughing Bacchus Wine Cellars;2319 Elm St.;Vancouver;BC;V3F 2K1;Canada
114;ANATR;3;08-08-2021;09-05-2021;08-14-2021;1;43,9;Ana Trujillo Emparedados y helados;Avda. de la Constitución 2222;México D.F.;;05021;Mexico
115;SAVEA;5;08-11-2021;09-22-2021;08-21-2021;3;107,46;Save-a-lot Markets;187 Suffolk Ln.;Boise;ID;83720;United States of America
116;QUEEN;4;08-19-2021;09-16-2021;08-26-2021;1;201,29;Queen Cozinha;Alameda dos Canàrios, 891;Sao Paulo;SP;05487-020;Brazil
117;LINOD;3;08-20-2021;09-17-2021;09-01-2021;1;158,44;LINO-Delicateses;Ave. 5 de Mayo Porlamar;I. de Margarita;Nueva Esparta;4980;Venezuela
118;WELLI;3;08-25-2021;09-22-2021;09-01-2021;2;0,14;Wellington Importadora;Rua do Mercado, 12;Resende;SP;08737-363;Brazil
119;GREAL;4;09-04-2021;10-02-2021;09-10-2021;1;57,15;Great Lakes Food Market;2732 Baker Blvd.;Eugene;OR;97403;United States of America
120;SAVEA;2;09-04-2021;10-02-2021;09-15-2021;2;352,69;Save-a-lot Markets;187 Suffolk Ln.;Boise;ID;83720;United States of America
121;HUNGC;5;09-08-2021;10-06-2021;10-15-2021;1;111,29;Hungry Coyote Import Store;City Center Plaza 516 Main St.;Elgin;OR;97827;United States of America
122;LONEP;3;09-09-2021;10-07-2021;09-18-2021;2;1,28;Lonesome Pine Restaurant;89 Chiaroscuro Rd.;Portland;OR;97219;United States of America
123;FURIB;1;09-10-2021;10-08-2021;09-19-2021;3;1,27;Furia Bacalhau e Frutos do Mar;Jardim das rosas n. 32;Lisboa;;1675;Portugal
124;LONEP;1;09-11-2021;10-09-2021;09-17-2021;2;26,31;Lonesome Pine Restaurant;89 Chiaroscuro Rd.;Portland;OR;97219;United States of America
125;TORTU;2;09-22-2021;10-20-2021;09-29-2021;2;2,01;Tortuga Restaurante;Avda. Azteca 123;México D.F.;;05033;Mexico
126;ANTON;1;09-22-2021;10-20-2021;09-26-2021;3;4,03;Antonio Moreno Taquería;Mataderos  2312;México D.F.;;05023;Mexico
127;GREAL;3;09-25-2021;10-23-2021;09-30-2021;3;76,13;Great Lakes Food Market;2732 Baker Blvd.;Eugene;OR;97403;United States of America
128;ANTON;3;09-25-2021;10-23-2021;10-01-2021;2;36,13;Antonio Moreno Taquería;Mataderos  2312;México D.F.;;05023;Mexico
129;HANAR;1;10-02-2021;10-30-2021;10-03-2021;1;15,8;Hanari Carnes;Rua do Paço, 67;Rio de Janeiro;RJ;05454-876;Brazil
130;WHITC;3;10-06-2021;10-20-2021;10-10-2021;3;139,34;White Clover Markets;1029 - 12th Ave. S.;Seattle;WA;98124;United States of America
131;WHITC;5;10-08-2021;11-19-2021;10-14-2021;3;102,55;White Clover Markets;1029 - 12th Ave. S.;Seattle;WA;98124;United States of America
132;LINOD;3;10-08-2021;11-05-2021;10-14-2021;1;45,52;LINO-Delicateses;Ave. 5 de Mayo Porlamar;I. de Margarita;Nueva Esparta;4980;Venezuela
133;SAVEA;3;10-10-2021;11-07-2021;10-16-2021;1;65,1;Save-a-lot Markets;187 Suffolk Ln.;Boise;ID;83720;United States of America
134;QUEEN;4;10-14-2021;11-11-2021;11-07-2021;1;4,78;Queen Cozinha;Alameda dos Canàrios, 891;Sao Paulo;SP;05487-020;Brazil
135;THEBI;4;10-17-2021;11-28-2021;11-05-2021;2;2,96;The Big Cheese;89 Jefferson Way Suite 2;Portland;OR;97201;United States of America
136;GOURL;1;10-17-2021;11-14-2021;11-20-2021;3;210,8;Gourmet Lanchonetes;Av. Brasil, 442;Campinas;SP;04876-786;Brazil
137;SAVEA;1;10-22-2021;11-19-2021;10-24-2021;1;167,05;Save-a-lot Markets;187 Suffolk Ln.;Boise;ID;83720;United States of America
138;LETSS;5;10-27-2021;11-24-2021;11-05-2021;2;51,44;Let's Stop N Shop;87 Polk St. Suite 5;San Francisco;CA;94117;United States of America
139;QUEDE;5;10-28-2021;11-11-2021;11-05-2021;2;9,53;Que Delícia;Rua da Panificadora, 12;Rio de Janeiro;RJ;02389-673;Brazil
140;SAVEA;5;10-29-2021;12-10-2021;11-04-2021;1;74,58;Save-a-lot Markets;187 Suffolk Ln.;Boise;ID;83720;United States of America
141;WHITC;3;10-30-2021;11-27-2021;11-25-2021;1;21,72;White Clover Markets;1029 - 12th Ave. S.;Seattle;WA;98124;United States of America
142;MEREP;5;10-30-2021;12-11-2021;11-05-2021;2;57,75;Mère Paillarde;43 rue St. Laurent;Montréal;Québec;H1J 1C3;Canada
143;LINOD;5;11-04-2021;12-16-2021;11-14-2021;3;141,06;LINO-Delicateses;Ave. 5 de Mayo Porlamar;I. de Margarita;Nueva Esparta;4980;Venezuela
144;GOURL;2;11-07-2021;12-05-2021;11-12-2021;3;1,63;Gourmet Lanchonetes;Av. Brasil, 442;Campinas;SP;04876-786;Brazil
145;LETSS;4;11-10-2021;12-08-2021;11-21-2021;2;45,97;Let's Stop N Shop;87 Polk St. Suite 5;San Francisco;CA;94117;United States of America
146;SPECD;2;11-12-2021;12-10-2021;11-18-2021;1;2,91;Spécialités du monde;25, rue Lauriston;Paris;;75016;France
147;BOTTM;3;11-14-2021;12-12-2021;11-18-2021;3;243,73;Bottom-Dollar Markets;23 Tsawassen Blvd.;Tsawassen;BC;T2F 8M4;Canada
148;AROUT;1;11-17-2021;12-15-2021;11-21-2021;2;23,72;Around the Horn;Brook Farm Stratford St. Mary;Colchester;Essex;CO7 6JX;United Kingdom
149;SAVEA;3;11-20-2021;12-18-2021;11-28-2021;1;232,55;Save-a-lot Markets;187 Suffolk Ln.;Boise;ID;83720;United States of America
150;NORTS;2;11-24-2021;12-22-2021;11-28-2021;3;1,39;North/South;South House 300 Queensbridge;London;;SW7 1RZ;United Kingdom
151;SPLIR;5;11-27-2021;12-25-2021;12-02-2021;2;73,21;Split Rail Beer & Ale;P.O. Box 555;Lander;WY;82520;United States of America
152;SAVEA;4;11-27-2021;12-25-2021;12-15-2021;1;8,19;Save-a-lot Markets;187 Suffolk Ln.;Boise;ID;83720;United States of America
153;ANATR;3;11-28-2021;12-26-2021;12-12-2021;3;11,99;Ana Trujillo Emparedados y helados;Avda. de la Constitución 2222;México D.F.;;05021;Mexico
154;AROUT;3;12-08-2021;01-05-2022;12-15-2021;2;146,32;Around the Horn;Brook Farm Stratford St. Mary;Colchester;Essex;CO7 6JX;United Kingdom
155;HANAR;5;12-09-2021;01-06-2022;12-17-2021;3;5,32;Hanari Carnes;Rua do Paço, 67;Rio de Janeiro;RJ;05454-876;Brazil
156;LILAS;2;12-16-2021;12-30-2021;12-25-2021;1;42,13;LILA-Supermercado;Carrera 52 con Ave. Bolívar #65-98 Llano Largo;Barquisimeto;Lara;3508;Venezuela
157;GROSR;1;12-18-2021;01-15-2022;12-24-2021;3;1,51;GROSELLA-Restaurante;5ª Ave. Los Palos Grandes;Caracas;DF;1081;Venezuela
158;QUEEN;5;12-19-2021;01-16-2022;12-23-2021;1;110,87;Queen Cozinha;Alameda dos Canàrios, 891;Sao Paulo;SP;05487-020;Brazil
159;GOURL;4;12-22-2021;01-19-2022;12-26-2021;1;28,23;Gourmet Lanchonetes;Av. Brasil, 442;Campinas;SP;04876-786;Brazil
160;WOLZA;1;12-23-2021;01-20-2022;12-31-2021;3;23,79;Wolski Zajazd;ul. Filtrowa 68;Warszawa;;01-012;Poland
161;AROUT;3;12-24-2021;01-21-2022;01-08-2022;3;4,52;Around the Horn;Brook Farm Stratford St. Mary;Colchester;Essex;CO7 6JX;United Kingdom
162;QUEDE;4;12-24-2021;01-21-2022;01-02-2022;1;21,49;Que Delícia;Rua da Panificadora, 12;Rio de Janeiro;RJ;02389-673;Brazil
163;HILAA;3;12-25-2021;01-22-2022;01-14-2022;1;26,52;HILARION-Abastos;Carrera 22 con Ave. Carlos Soublette #8-35;San Cristóbal;Táchira;5022;Venezuela
164;ISLAT;2;12-26-2021;01-23-2022;01-05-2022;1;2,33;Island Trading;Garden House Crowther Way;Cowes;Isle of Wight;PO31 7PJ;United Kingdom
165;SEVES;1;12-26-2021;01-23-2022;01-05-2022;3;137,44;Seven Seas Imports;90 Wadhurst Rd.;London;;OX15 4NB;United Kingdom
166;SEVES;4;12-30-2021;01-27-2022;01-07-2022;2;27,33;Seven Seas Imports;90 Wadhurst Rd.;London;;OX15 4NB;United Kingdom
167;THEBI;2;12-30-2021;01-27-2022;01-09-2022;3;237,34;The Big Cheese;89 Jefferson Way Suite 2;Portland;OR;97201;United States of America
168;LAUGB;2;01-01-2022;01-29-2022;01-07-2022;3;4,33;Laughing Bacchus Wine Cellars;2319 Elm St.;Vancouver;BC;V3F 2K1;Canada
169;LINOD;5;01-02-2022;01-30-2022;01-08-2022;1;31,22;LINO-Delicateses;Ave. 5 de Mayo Porlamar;I. de Margarita;Nueva Esparta;4980;Venezuela
170;RICAR;1;01-05-2022;02-02-2022;01-09-2022;1;47,38;Ricardo Adocicados;Av. Copacabana, 267;Rio de Janeiro;RJ;02389-890;Brazil
171;SAVEA;2;01-05-2022;02-02-2022;01-14-2022;3;14,62;Save-a-lot Markets;187 Suffolk Ln.;Boise;ID;83720;United States of America
172;CACTU;2;01-07-2022;02-04-2022;01-16-2022;3;19,76;Cactus Comidas para llevar;Cerrito 333;Buenos Aires;;1010;Argentina
173;RATTC;3;01-07-2022;02-04-2022;01-13-2022;2;37,52;Rattlesnake Canyon Grocery;2817 Milton Dr.;Albuquerque;NM;87110;United States of America
174;SPLIR;1;01-08-2022;02-05-2022;01-15-2022;1;36,68;Split Rail Beer & Ale;P.O. Box 555;Lander;WY;82520;United States of America
175;TRAIN;4;01-08-2022;02-05-2022;01-16-2022;3;7;Trail's Head Gourmet Provisioners;722 DaVinci Blvd.;Kirkland;WA;98034;United States of America
176;TRADH;1;01-15-2022;02-12-2022;01-19-2022;3;29,78;Tradiçao Hipermercados;Av. Inês de Castro, 414;Sao Paulo;SP;05634-030;Brazil
177;LINOD;3;01-19-2022;02-16-2022;01-23-2022;3;59,28;LINO-Delicateses;Ave. 5 de Mayo Porlamar;I. de Margarita;Nueva Esparta;4980;Venezuela
178;TRADH;3;01-19-2022;02-16-2022;01-22-2022;3;35,43;Tradiçao Hipermercados;Av. Inês de Castro, 414;Sao Paulo;SP;05634-030;Brazil
179;TORTU;1;01-20-2022;02-17-2022;01-29-2022;3;54,42;Tortuga Restaurante;Avda. Azteca 123;México D.F.;;05033;Mexico
180;SUPRD;2;01-22-2022;03-05-2022;01-23-2022;3;56,46;Suprêmes délices;Boulevard Tirou, 255;Charleroi;;B-6000;Belgium
181;RATTC;5;01-26-2022;02-09-2022;01-30-2022;1;174,05;Rattlesnake Canyon Grocery;2817 Milton Dr.;Albuquerque;NM;87110;United States of America
182;ANTON;3;01-28-2022;02-25-2022;02-10-2022;2;58,43;Antonio Moreno Taquería;Mataderos  2312;México D.F.;;05023;Mexico
183;LONEP;4;02-03-2022;03-17-2022;02-11-2022;1;1,93;Lonesome Pine Restaurant;89 Chiaroscuro Rd.;Portland;OR;97219;United States of America
184;RICAR;1;02-09-2022;03-09-2022;02-19-2022;1;38,06;Ricardo Adocicados;Av. Copacabana, 267;Rio de Janeiro;RJ;02389-890;Brazil
185;LONEP;5;02-12-2022;03-12-2022;02-20-2022;3;0,53;Lonesome Pine Restaurant;89 Chiaroscuro Rd.;Portland;OR;97219;United States of America
186;SUPRD;4;02-12-2022;03-12-2022;02-18-2022;3;5,64;Suprêmes délices;Boulevard Tirou, 255;Charleroi;;B-6000;Belgium
187;HANAR;1;02-13-2022;03-13-2022;03-02-2022;1;4,99;Hanari Carnes;Rua do Paço, 67;Rio de Janeiro;RJ;05454-876;Brazil
188;SAVEA;1;02-18-2022;03-18-2022;02-20-2022;1;116,13;Save-a-lot Markets;187 Suffolk Ln.;Boise;ID;83720;United States of America
189;WELLI;1;02-20-2022;03-20-2022;03-04-2022;2;1,66;Wellington Importadora;Rua do Mercado, 12;Resende;SP;08737-363;Brazil
190;HANAR;3;02-24-2022;03-24-2022;03-04-2022;3;36,71;Hanari Carnes;Rua do Paço, 67;Rio de Janeiro;RJ;05454-876;Brazil
191;WHITC;3;02-24-2022;03-24-2022;02-27-2022;3;162,95;White Clover Markets;1029 - 12th Ave. S.;Seattle;WA;98124;United States of America
192;SPECD;4;02-25-2022;03-25-2022;02-27-2022;3;9,19;Spécialités du monde;25, rue Lauriston;Paris;;75016;France
193;QUEEN;4;02-27-2022;03-27-2022;03-02-2022;1;21,19;Queen Cozinha;Alameda dos Canàrios, 891;Sao Paulo;SP;05487-020;Brazil
194;TORTU;2;02-27-2022;03-27-2022;03-02-2022;2;3,51;Tortuga Restaurante;Avda. Azteca 123;México D.F.;;05033;Mexico
195;RANCH;1;02-27-2022;03-27-2022;03-09-2022;2;63,77;Rancho grande;Av. del Libertador 900;Buenos Aires;;1010;Argentina
196;BOTTM;3;03-02-2022;03-30-2022;03-11-2022;3;48,83;Bottom-Dollar Markets;23 Tsawassen Blvd.;Tsawassen;BC;T2F 8M4;Canada
197;LINOD;2;03-02-2022;03-30-2022;03-04-2022;2;19,8;LINO-Delicateses;Ave. 5 de Mayo Porlamar;I. de Margarita;Nueva Esparta;4980;Venezuela
198;HANAR;3;03-04-2022;04-01-2022;03-13-2022;1;2,27;Hanari Carnes;Rua do Paço, 67;Rio de Janeiro;RJ;05454-876;Brazil
199;ISLAT;4;03-06-2022;04-03-2022;03-16-2022;3;54,15;Island Trading;Garden House Crowther Way;Cowes;Isle of Wight;PO31 7PJ;United Kingdom
200;GREAL;3;03-09-2022;04-06-2022;03-18-2022;2;33,68;Great Lakes Food Market;2732 Baker Blvd.;Eugene;OR;97403;United States of America
201;BOTTM;4;03-12-2022;03-26-2022;03-13-2022;3;52,92;Bottom-Dollar Markets;23 Tsawassen Blvd.;Tsawassen;BC;T2F 8M4;Canada
202;BSBEV;3;03-13-2022;04-10-2022;03-16-2022;2;3,26;B's Beverages;Fauntleroy Circus;London;;EC2 5NT;United Kingdom
203;BOTTM;2;03-13-2022;04-10-2022;03-17-2022;3;74,44;Bottom-Dollar Markets;23 Tsawassen Blvd.;Tsawassen;BC;T2F 8M4;Canada
204;HILAA;5;03-18-2022;04-15-2022;03-27-2022;3;105,36;HILARION-Abastos;Carrera 22 con Ave. Carlos Soublette #8-35;San Cristóbal;Táchira;5022;Venezuela
205;GOURL;4;03-18-2022;04-29-2022;03-23-2022;2;4,98;Gourmet Lanchonetes;Av. Brasil, 442;Campinas;SP;04876-786;Brazil
206;HILAA;3;03-19-2022;04-02-2022;04-08-2022;1;2,08;HILARION-Abastos;Carrera 22 con Ave. Carlos Soublette #8-35;San Cristóbal;Táchira;5022;Venezuela
207;QUEEN;5;03-19-2022;04-16-2022;03-30-2022;1;104,47;Queen Cozinha;Alameda dos Canàrios, 891;Sao Paulo;SP;05487-020;Brazil
208;SPECD;3;03-20-2022;04-17-2022;03-24-2022;2;87,38;Spécialités du monde;25, rue Lauriston;Paris;;75016;France
209;COMMI;1;03-23-2022;04-20-2022;03-30-2022;2;0,21;Comércio Mineiro;Av. dos Lusíadas, 23;Sao Paulo;SP;05432-043;Brazil
210;SPLIR;3;03-25-2022;04-08-2022;04-03-2022;3;12,96;Split Rail Beer & Ale;P.O. Box 555;Lander;WY;82520;United States of America
211;BOTTM;1;03-25-2022;04-22-2022;03-27-2022;3;32,27;Bottom-Dollar Markets;23 Tsawassen Blvd.;Tsawassen;BC;T2F 8M4;Canada
212;HILAA;1;03-25-2022;05-06-2022;04-03-2022;1;37,97;HILARION-Abastos;Carrera 22 con Ave. Carlos Soublette #8-35;San Cristóbal;Táchira;5022;Venezuela
213;HANAR;1;03-27-2022;04-24-2022;04-02-2022;2;193,37;Hanari Carnes;Rua do Paço, 67;Rio de Janeiro;RJ;05454-876;Brazil
214;BOTTM;2;03-27-2022;04-24-2022;04-08-2022;1;14,01;Bottom-Dollar Markets;23 Tsawassen Blvd.;Tsawassen;BC;T2F 8M4;Canada
215;SAVEA;2;03-27-2022;04-24-2022;04-06-2022;2;657,54;Save-a-lot Markets;187 Suffolk Ln.;Boise;ID;83720;United States of America
216;SAVEA;1;03-30-2022;04-27-2022;04-03-2022;3;211,22;Save-a-lot Markets;187 Suffolk Ln.;Boise;ID;83720;United States of America
217;OCEAN;5;03-30-2022;04-27-2022;04-21-2022;2;217,86;Océano Atlántico Ltda.;Ing. Gustavo Moncada 8585 Piso 20-A;Buenos Aires;;1010;Argentina
218;EASTC;5;03-31-2022;04-28-2022;04-06-2022;1;185,48;Eastern Connection;35 King George;London;;WX3 6FW;United Kingdom
219;RATTC;3;03-31-2022;04-28-2022;04-10-2022;2;61,14;Rattlesnake Canyon Grocery;2817 Milton Dr.;Albuquerque;NM;87110;United States of America
220;QUEDE;2;03-31-2022;04-28-2022;04-02-2022;1;34,76;Que Delícia;Rua da Panificadora, 12;Rio de Janeiro;RJ;02389-673;Brazil
221;THEBI;1;04-01-2022;04-29-2022;04-03-2022;3;4,27;The Big Cheese;89 Jefferson Way Suite 2;Portland;OR;97201;United States of America
222;PERIC;1;04-02-2022;04-30-2022;04-06-2022;3;46;Pericles Comidas clásicas;Calle Dr. Jorge Cash 321;México D.F.;;05033;Mexico
223;LILAS;5;04-03-2022;05-15-2022;04-13-2022;2;73,91;LILA-Supermercado;Carrera 52 con Ave. Bolívar #65-98 Llano Largo;Barquisimeto;Lara;3508;Venezuela
224;WOLZA;5;04-03-2022;04-17-2022;04-17-2022;2;20,31;Wolski Zajazd;ul. Filtrowa 68;Warszawa;;01-012;Poland
225;RATTC;2;04-06-2022;05-04-2022;04-14-2022;3;55,12;Rattlesnake Canyon Grocery;2817 Milton Dr.;Albuquerque;NM;87110;United States of America
226;THECR;3;04-06-2022;05-04-2022;04-08-2022;3;14,91;The Cracker Box;55 Grizzly Peak Rd.;Butte;MT;59801;United States of America
227;MAISD;3;04-07-2022;05-05-2022;04-20-2022;1;44,84;Maison Dewey;Rue Joseph-Bens 532;Bruxelles;;B-1180;Belgium
228;GREAL;3;04-07-2022;05-05-2022;04-15-2022;2;25,19;Great Lakes Food Market;2732 Baker Blvd.;Eugene;OR;97403;United States of America
229;PRINI;5;04-08-2022;05-06-2022;04-13-2022;2;202,24;Princesa Isabel Vinhos;Estrada da saúde n. 58;Lisboa;;1756;Portugal
230;LINOD;2;04-10-2022;05-08-2022;04-15-2022;3;23,6;LINO-Delicateses;Ave. 5 de Mayo Porlamar;I. de Margarita;Nueva Esparta;4980;Venezuela
231;RANCH;4;04-13-2022;05-11-2022;;3;3,17;Rancho grande;Av. del Libertador 900;Buenos Aires;;1010;Argentina
232;BSBEV;1;04-14-2022;04-28-2022;04-24-2022;2;123,83;B's Beverages;Fauntleroy Circus;London;;EC2 5NT;United Kingdom
233;BOTTM;1;04-16-2022;05-14-2022;04-20-2022;1;52,52;Bottom-Dollar Markets;23 Tsawassen Blvd.;Tsawassen;BC;T2F 8M4;Canada
234;SAVEA;4;04-17-2022;05-15-2022;04-24-2022;2;227,22;Save-a-lot Markets;187 Suffolk Ln.;Boise;ID;83720;United States of America
235;WHITC;2;04-17-2022;05-15-2022;04-23-2022;3;606,19;White Clover Markets;1029 - 12th Ave. S.;Seattle;WA;98124;United States of America
236;SUPRD;2;04-20-2022;05-18-2022;04-24-2022;2;0,17;Suprêmes délices;Boulevard Tirou, 255;Charleroi;;B-6000;Belgium
237;SUPRD;1;04-21-2022;05-19-2022;04-30-2022;2;29,59;Suprêmes délices;Boulevard Tirou, 255;Charleroi;;B-6000;Belgium
238;LINOD;1;04-21-2022;05-19-2022;;2;65;LINO-Delicateses;Ave. 5 de Mayo Porlamar;I. de Margarita;Nueva Esparta;4980;Venezuela
239;COMMI;2;04-22-2022;05-06-2022;05-01-2022;1;29,99;Comércio Mineiro;Av. dos Lusíadas, 23;Sao Paulo;SP;05432-043;Brazil
240;BOTTM;4;04-23-2022;05-21-2022;;2;70,58;Bottom-Dollar Markets;23 Tsawassen Blvd.;Tsawassen;BC;T2F 8M4;Canada
241;GOURL;3;04-24-2022;05-22-2022;05-04-2022;1;8,34;Gourmet Lanchonetes;Av. Brasil, 442;Campinas;SP;04876-786;Brazil
242;HANAR;3;04-27-2022;05-25-2022;05-01-2022;1;67,26;Hanari Carnes;Rua do Paço, 67;Rio de Janeiro;RJ;05454-876;Brazil
243;CACTU;5;04-28-2022;05-26-2022;;1;0,33;Cactus Comidas para llevar;Cerrito 333;Buenos Aires;;1010;Argentina
244;EASTC;5;04-28-2022;05-12-2022;05-01-2022;2;278,96;Eastern Connection;35 King George;London;;WX3 6FW;United Kingdom
245;NORTS;3;04-29-2022;05-27-2022;05-01-2022;3;4,13;North/South;South House 300 Queensbridge;London;;SW7 1RZ;United Kingdom
246;RICAR;2;04-29-2022;06-10-2022;;2;85,8;Ricardo Adocicados;Av. Copacabana, 267;Rio de Janeiro;RJ;02389-890;Brazil
247;SAVEA;1;05-01-2022;05-29-2022;05-04-2022;1;30,09;Save-a-lot Markets;187 Suffolk Ln.;Boise;ID;83720;United States of America
248;LILAS;5;05-01-2022;05-29-2022;;1;12,91;LILA-Supermercado;Carrera 52 con Ave. Bolívar #65-98 Llano Largo;Barquisimeto;Lara;3508;Venezuela
249;QUEEN;5;05-04-2022;06-01-2022;;2;81,75;Queen Cozinha;Alameda dos Canàrios, 891;Sao Paulo;SP;05487-020;Brazil
250;TORTU;1;05-04-2022;06-01-2022;05-06-2022;2;15,67;Tortuga Restaurante;Avda. Azteca 123;México D.F.;;05033;Mexico
251;LILAS;1;05-05-2022;06-02-2022;;1;0,93;LILA-Supermercado;Carrera 52 con Ave. Bolívar #65-98 Llano Largo;Barquisimeto;Lara;3508;Venezuela
252;PERIC;2;05-05-2022;06-02-2022;;2;24,95;Pericles Comidas clásicas;Calle Dr. Jorge Cash 321;México D.F.;;05033;Mexico
253;RATTC;1;05-06-2022;06-03-2022;;2;8,53;Rattlesnake Canyon Grocery;2817 Milton Dr.;Albuquerque;NM;87110;United States of America
254;GCOCT;4;11-09-2021;12-15-2021;12-10-2021;2;17,83;Godos Cocinha Tipica;C Romero, 33;Sevilha;;41101;Spaim
255;BCOMP;2;05-23-2022;06-30-2022;06-15-2022;2;33,29;Bolido Comidas preparadas;C Araquil, 67;Madrid;;28023;Spain
256;CSUEY;2;04-21-2022;05-16-2022;05-01-2022;1;23,91;Chop-suey Chinese;Hauptstr. 31;Bern;;3012;Switzerland
257;LAMAA;2;11-22-2021;12-24-2021;12-15-2021;3;12,46;La maison d'Asie;1 rue Alsace-Lorraine;Toulouse;;31000;France
